<application>
  <component name="com.intellij.ide.ui.customization.CustomActionsSchema">
    <group value="ToggleBreakpointEnabled" is_action="true" action_type="-1" position="20">
      <path value="root" />
      <path value="Main menu" />
      <path value="Run" />
      <path value="Debugger Actions" />
      <option name="myInitialPosition" value="-1" />
    </group>
    <group value="ToggleTemporaryLineBreakpoint" is_action="true" action_type="-1" position="19">
      <path value="root" />
      <path value="Main menu" />
      <path value="Run" />
      <path value="Debugger Actions" />
      <option name="myInitialPosition" value="-1" />
    </group>
    <group value="ToggleLineBreakpoint" is_action="true" action_type="-1" position="18">
      <path value="root" />
      <path value="Main menu" />
      <path value="Run" />
      <path value="Debugger Actions" />
      <option name="myInitialPosition" value="-1" />
    </group>
    <group value="PowerSaveGroup" is_group="true" action_type="-1" position="15">
      <path value="root" />
      <path value="Main menu" />
      <path value="File" />
      <option name="myInitialPosition" value="-1" />
    </group>
    <group value="ToggleReadOnlyAttribute" is_action="true" action_type="-1" position="14">
      <path value="root" />
      <path value="Main menu" />
      <path value="File" />
      <option name="myInitialPosition" value="-1" />
    </group>
    <group value="CoveragePlatformMenu" is_group="true" action_type="-1" position="13">
      <path value="root" />
      <path value="Main menu" />
      <path value="Run" />
      <option name="myInitialPosition" value="-1" />
    </group>
    <group value="Resume" is_action="true" action_type="-1" position="11">
      <path value="root" />
      <path value="Main menu" />
      <path value="Run" />
      <path value="Debugger Actions" />
      <option name="myInitialPosition" value="-1" />
    </group>
    <group value="Pause" is_action="true" action_type="-1" position="10">
      <path value="root" />
      <path value="Main menu" />
      <path value="Run" />
      <path value="Debugger Actions" />
      <option name="myInitialPosition" value="-1" />
    </group>
    <group value="ForceRunToCursor" is_action="true" action_type="-1" position="9">
      <path value="root" />
      <path value="Main menu" />
      <path value="Run" />
      <path value="Debugger Actions" />
      <option name="myInitialPosition" value="-1" />
    </group>
    <group value="RenameProject" is_action="true" action_type="-1" position="8">
      <path value="root" />
      <path value="Main menu" />
      <path value="File" />
      <path value="File Open Actions" />
      <option name="myInitialPosition" value="-1" />
    </group>
    <group value="ImportProfilerResults" is_group="true" action_type="-1" position="8">
      <path value="root" />
      <path value="Main menu" />
      <path value="Run" />
      <option name="myInitialPosition" value="-1" />
    </group>
    <group value="RunToCursor" is_action="true" action_type="-1" position="8">
      <path value="root" />
      <path value="Main menu" />
      <path value="Run" />
      <path value="Debugger Actions" />
      <option name="myInitialPosition" value="-1" />
    </group>
    <group value="PrintExportGroup" is_group="true" action_type="-1" position="7">
      <path value="root" />
      <path value="Main menu" />
      <path value="File" />
      <option name="myInitialPosition" value="-1" />
    </group>
    <group value="DefaultProfilerExecutorGroup" is_group="true" action_type="-1" position="4">
      <path value="root" />
      <path value="Main menu" />
      <path value="Run" />
      <path value="Run/Debug" />
      <option name="myInitialPosition" value="-1" />
    </group>
    <group value="Coverage" is_action="true" action_type="-1" position="3">
      <path value="root" />
      <path value="Main menu" />
      <path value="Run" />
      <path value="Run/Debug" />
      <option name="myInitialPosition" value="-1" />
    </group>
    <group value="SaveAs" is_action="true" action_type="-1" position="2">
      <path value="root" />
      <path value="Main menu" />
      <path value="File" />
      <path value="File Open Actions" />
      <option name="myInitialPosition" value="-1" />
    </group>
    <group value="ChooseDebugConfiguration" is_action="true" action_type="-1" position="2">
      <path value="root" />
      <path value="Main menu" />
      <path value="Run" />
      <option name="myInitialPosition" value="-1" />
    </group>
    <group value="ChooseRunConfiguration" is_action="true" action_type="-1" position="1">
      <path value="root" />
      <path value="Main menu" />
      <path value="Run" />
      <option name="myInitialPosition" value="-1" />
    </group>
    <group value="UpdateRunningApplication" is_action="true" action_type="-1" position="1">
      <path value="root" />
      <path value="Main menu" />
      <path value="Run" />
      <path value="Debugger Actions" />
      <option name="myInitialPosition" value="-1" />
    </group>
  </component>
</application>